parameter1,parameter2,average,standard deviation
113.0,0.0025075,0.09923033552865188,0.03450391038879325
41.0,0.0075025000000000005,0.09280380792915821,0.032654948132454197
59.0,0.0037562500000000005,0.09442480678359667,0.03348262386204645
131.0,0.00875125,0.09405018252631028,0.03327609250168802
95.0,0.00125875,0.10962515324354172,0.03747816245645268
23.0,0.00625375,0.09179163786272208,0.03198312805710387
32.0,0.003131875,0.09372522793710232,0.033148486450276994
104.0,0.008126875,0.0940386580924193,0.033228759353694425
140.0,0.0006343750000000001,0.14262376278638839,0.04394730384952837
68.0,0.005629375,0.0940097821255525,0.03323998921225289
50.0,0.0018831250000000003,0.09616296949485938,0.03445118378887422
122.0,0.006878125,0.09459445079167685,0.03346806212462015
86.0,0.004380625,0.09453319994111856,0.033551632662162836
14.0,0.009375625,0.0904774767657121,0.03137371498570087
18.0,0.0046928125,0.0921050830433766,0.032287772216959776
91.0,0.0096878125,0.09356481097638607,0.033048648071378216
127.0,0.0021953125,0.10326726598044236,0.03485619890603465
54.0,0.0071903125,0.09231559013326963,0.032181844541134756
72.0,0.0009465625000000001,0.10904846216241519,0.037112877731440085
145.0,0.0059415625,0.09601394422352313,0.03414909820486876
109.0,0.0034440625,0.0971343087653319,0.03417858072669801
36.0,0.0084390625,0.091786806533734,0.031895335695255815
27.0,0.0015709375,0.09443699717521667,0.03338671229712737
100.0,0.0065659375,0.09426930708189805,0.03346643167264896
136.0,0.0040684375,0.09809262243409951,0.034220870951072825
63.0,0.0090634375,0.0928463144848744,0.03261209023320389
45.0,0.0028196875,0.0939655713737011,0.033127316200478873
118.0,0.0078146875,0.09386778188248475,0.03320462632945158
82.0,0.00032218750000000005,0.15680471981565158,0.04754808913353488
9.0,0.0053171875,0.09068956325451533,0.031509059175345536
11.0,0.00266359375,0.0921540694932143,0.03217372647446403
84.0,0.0076585937500000005,0.09377902994553249,0.033173884348591184
120.0,0.00016609375,0.3142942940195402,0.10779667964624513
48.0,0.00516109375,0.09284937878449757,0.03250969940044163
66.0,0.00141484375,0.10130064661304156,0.03634904907510949
138.0,0.00640984375,0.0949815901617209,0.03361050681249392
102.0,0.00391234375,0.0956999252239863,0.03403208707925354
29.0,0.00890734375,0.09187690652906895,0.03215760782285689
38.0,0.00079046875,0.1015930158396562,0.03425544761432631
111.0,0.00578546875,0.09473197211821874,0.03356346672146517
147.0,0.00328796875,0.1005638378361861,0.03429366471495874
75.0,0.00828296875,0.09354863986372948,0.0330415280417761
57.0,0.00453671875,0.09287553802132606,0.03234306932407091
129.0,0.00953171875,0.09404473826289177,0.03326149994986406
93.0,0.0020392187500000002,0.10032444546620051,0.034340107034080705
20.0,0.00703421875,0.09148918042580287,0.03195610956136403
16.0,0.00235140625,0.09316630885004998,0.03283651781290317
88.0,0.00734640625,0.09375901557505131,0.03315544150554671
125.0,0.00484890625,0.0956128764897585,0.03373371029087447
52.0,0.00984390625,0.0927031713227431,0.03260130844446612
70.0,0.00360015625,0.09435581192374229,0.03337131539175431
143.0,0.00859515625,0.09342246676484743,0.03291007327295252
106.0,0.0011026562500000001,0.11571762015422185,0.03777998815432246
34.0,0.00609765625,0.09284615019957225,0.032664458757559585
25.0,0.00422453125,0.09296706318855286,0.03266861077620363
97.0,0.00921953125,0.09323210082948208,0.03286989870633755
134.0,0.00172703125,0.11042843336860339,0.03618391546092325
61.0,0.00672203125,0.09339112639427186,0.03293632758269637
43.0,0.0004782812500000001,0.11301340833306313,0.03641484764152726
116.0,0.00547328125,0.09517288617789746,0.03376418157518392
79.0,0.00297578125,0.09577255360782147,0.033988220366773174
7.0,0.00797078125,0.09006314029296239,0.031037361012646075
8.0,0.003990390625,0.09083604849874974,0.03148966706014713
80.0,0.008985390625,0.09215414014955361,0.03195683284774581
117.0,0.001492890625,0.10978203987081846,0.036256980629805
44.0,0.006487890625,0.092709257081151,0.0325103799075312
62.0,0.00024414062500000005,0.15435446426272392,0.04115312937223055
135.0,0.005239140625,0.09470389535029729,0.03344276532456821
99.0,0.002741640625,0.09799966861804327,0.03490141849406922
26.0,0.007736640625,0.09174291888872782,0.03208287210633523
35.0,0.0021172656250000002,0.09422094412148,0.03333169103265706
108.0,0.007112265625,0.09276100633045038,0.03234941277963736
144.0,0.0046147656249999995,0.09543671421706676,0.033755283922527406
71.0,0.009609765625,0.09307765948275724,0.03276104433962098
53.0,0.003366015625,0.09445827218393485,0.033525051666154396
126.0,0.008361015625,0.09343068425854047,0.03295117456937806
89.0,0.000868515625,0.11824818328022957,0.039673427504850034
17.0,0.005863515625,0.09165137261152267,0.032023543887087474
21.0,0.0011807031250000001,0.09461320700744788,0.033521110565806825
94.0,0.006175703125,0.09307446318368116,0.032459447016505855
130.0,0.003678203125,0.09820519077281158,0.03491723612991103
58.0,0.008673203125,0.09277825864652793,0.03257570259101903
76.0,0.0049269531249999995,0.09429270997643471,0.033421663739470975
148.0,0.009921953125,0.0940702489266793,0.033318447165060786
112.0,0.002429453125,0.10030015098551909,0.035479574041777706
40.0,0.007424453125,0.09208878514667353,0.03208202811634048
31.0,0.003053828125,0.09324217761556307,0.03274955454151854
103.0,0.008048828125,0.09244720190763474,0.03201743647883635
139.0,0.0005563281250000001,0.15303662593166034,0.05136391282408496
67.0,0.005551328125,0.09362591840326787,0.033057177962949984
49.0,0.001805078125,0.09601402406891187,0.03369318422102895
121.0,0.006800078125,0.09465137844284376,0.03359991787184141
85.0,0.0043025781249999995,0.094680372128884,0.03350166719744752
12.0,0.009297578125,0.09023960183064143,0.031219455676776184
10.0,0.001336796875,0.09322820728023846,0.032855708743998166
83.0,0.006331796875,0.09305922165513039,0.03258342176379572
119.0,0.0038342968750000005,0.09635754103461901,0.034630319212871574
46.0,0.008829296875,0.0917355931053559,0.03169341560879091
65.0,0.002585546875,0.09582918658852577,0.034149581179062166
137.0,0.007580546875,0.0947575078656276,0.033709918695429844
101.0,8.8046875e-05,0.4449059545993805,0.10674775444953985
28.0,0.005083046875,0.09270000532269478,0.03261913791333422
37.0,0.0044586718749999995,0.09339824666579565,0.032950748427735266
110.0,0.009453671875,0.09379212111234665,0.03314400785078511
146.0,0.0019611718750000002,0.11086091709633668,0.03675222651581478
74.0,0.006956171875,0.09326459703346093,0.03286689852408353
55.0,0.0007124218750000001,0.11073731184005738,0.03971381403783186
128.0,0.005707421875,0.09563146171470484,0.03425112109323028
92.0,0.003209921875,0.09639502987265587,0.03430981925098656
19.0,0.008204921875,0.09101602435112,0.03156843551814045
15.0,0.003522109375,0.09238805323839187,0.03241812215064688
87.0,0.008517109375,0.09374574000636736,0.03312454072919993
123.0,0.0010246093750000001,0.11949680807689826,0.0387674250302669
51.0,0.006019609375,0.09334116491178672,0.03288567405359677
69.0,0.002273359375,0.09701919307311375,0.03450115584871313
142.0,0.007268359375,0.09426916390657425,0.03336333266294408
105.0,0.0047708593749999995,0.09512007944285869,0.0339039658349147
33.0,0.009765859375,0.09193690232932568,0.03215612522766155
24.0,0.00040023437500000004,0.10542544163763523,0.03626731324521555
96.0,0.005395234375,0.09461652611692746,0.03348313861423178
133.0,0.002897734375,0.1003760475665331,0.03447945895658103
60.0,0.007892734375,0.09222234524786473,0.032078985358909275
42.0,0.0041464843749999996,0.09364886718491713,0.03300812586152932
114.0,0.009141484375,0.09219212271273136,0.03191786613221711
78.0,0.001648984375,0.10178603070477645,0.036493100971219015
6.0,0.006643984375,0.09005151602129141,0.031040676117404256
6.0,0.0033269921875000003,0.09073122404515743,0.031548811300713235
79.0,0.0083219921875,0.09329081947604816,0.032888264645962756
115.0,0.0008294921875,0.12511892368396124,0.03475015230430837
42.0,0.0058244921875,0.09319189116358757,0.03281508522286952
61.0,0.0020782421875,0.09658742621541024,0.03445256451836443
133.0,0.0070732421875,0.09433493167161941,0.03338300237420176
97.0,0.0045757421875,0.09492079839110375,0.03364915972444839
24.0,0.0095707421875,0.09117145749429861,0.03168338367607021
33.0,0.0002051171875,0.1324301899721225,0.045888104419241994
106.0,0.0052001171875,0.0948988001793623,0.03382063656300385
142.0,0.0027026171875000004,0.10197046448787053,0.03586128625859955
70.0,0.0076976171875,0.09274931065738201,0.032621195884515265
52.0,0.0039513671875,0.09407579191029072,0.03333696366528139
124.0,0.0089463671875,0.09393622142573198,0.03323453779606862
88.0,0.0014538671875,0.1067988848934571,0.03685755162790023
15.0,0.0064488671875,0.09120332213739554,0.03178081875528278
20.0,0.0017660546875,0.0938212163746357,0.033072061570528076
92.0,0.0067610546875,0.09395674305657546,0.03325184668216086
129.0,0.0042635546875,0.09672578399380048,0.034186587117838924
56.0,0.0092585546875,0.09295248438914618,0.03267486358684459
74.0,0.0030148046875000003,0.09534013271331787,0.03382051917168021
147.0,0.0080098046875,0.09469249819715818,0.033628368150140746
110.0,0.0005173046875000001,0.149807554235061,0.050884591112032494
38.0,0.0055123046875,0.09214333953956763,0.03193641720916525
29.0,0.0048879296875,0.09295768812298774,0.032703577636580355
101.0,0.0098829296875,0.09335602410137653,0.03290843869705096
138.0,0.0023904296875,0.10344421962896982,0.036170784179228026
65.0,0.0073854296875,0.09311036244034768,0.03275625896941406
47.0,0.0011416796875000001,0.09922557224829992,0.03413762524316101
119.0,0.0061366796874999996,0.09431347896655401,0.03335528502858205
83.0,0.0036391796875000003,0.0947091301282247,0.03347255336858645
11.0,0.0086341796875,0.09024810319145521,0.03130743426135592
13.0,0.0006733984375000001,0.09504358557363352,0.033841886108927834
85.0,0.0056683984375,0.09416712274154028,0.033435963291825216
122.0,0.0031708984375000003,0.09878535456955433,0.03504919432311816
49.0,0.0081658984375,0.09235640006760756,0.03229026584009915
67.0,0.0044196484375,0.09410222967465719,0.033357029118322314
140.0,0.009414648437500001,0.09398399169246356,0.03323657580984567
104.0,0.0019221484375000002,0.10386702169974645,0.03565660873931582
31.0,0.0069171484375,0.09214825096229712,0.03225587365681376
40.0,0.0025465234375000004,0.09405808312197526,0.03327864848075945
113.0,0.0075415234375,0.09348315075039863,0.03290965860506937
149.0,4.90234375e-05,0.8182015587886174,0.3281207438849191
76.0,0.0050440234375,0.09417133977015814,0.0333766098144732
58.0,0.0012977734375,0.10067808317641418,0.03525041954507913
131.0,0.0062927734375,0.09496241100132466,0.03359535454127437
95.0,0.0037952734375000003,0.09585158675909042,0.03430101978013435
22.0,0.008790273437500001,0.09131105666359265,0.03184961757088338
18.0,0.0041074609375,0.09236484418312708,0.03243234309400596
90.0,0.009102460937500001,0.0921767570078373,0.03194362525959046
126.0,0.0016099609375,0.10754250027239323,0.036674544819423754
54.0,0.0066049609375,0.09247795070211093,0.03224919616906163
72.0,0.00036121093750000004,0.14043060888846715,0.04406538178761155
144.0,0.0053562109375,0.09502408901850383,0.03350563411229921
108.0,0.0028587109375000004,0.09804414870838324,0.034856337372129044
36.0,0.0078537109375,0.09191432918111483,0.031987257641386345
27.0,0.0022343359375,0.09380745614568392,0.03317577260181655
99.0,0.0072293359375,0.0942300076285998,0.0333410223320994
135.0,0.0047318359375,0.0952093900491794,0.03338746982903893
63.0,0.009726835937500001,0.09271707559625307,0.03260143621989973
45.0,0.0034830859375000003,0.0934129277865092,0.03283172817483244
117.0,0.0084780859375,0.09392885143558184,0.0331873778745492
81.0,0.0009855859375000001,0.11275430520375569,0.036005121994223385
8.0,0.0059805859375,0.09035345427691936,0.031331766975926094
7.0,0.0020001953125,0.0919885570804278,0.03221229190121222
80.0,0.0069951953125,0.09253804671267668,0.03221789777341286
116.0,0.0044976953125,0.09578551848729451,0.03392138888739832
44.0,0.0094926953125,0.09195867168406645,0.03210315157211003
62.0,0.0032489453125000003,0.09438620122770468,0.03331918566577151
134.0,0.0082439453125,0.09340553618967533,0.03284698380484609
98.0,0.0007514453125,0.12279598688085874,0.03992741073377776
25.0,0.0057464453125,0.09238809446493784,0.032426925451894975
35.0,0.0038733203125000002,0.09312313832342625,0.032757608726102366
107.0,0.0088683203125,0.09328868202865123,0.03282971180771455
143.0,0.0013758203125,0.1174808291097482,0.041009320752899064
71.0,0.0063708203125,0.0936529103666544,0.03308683747743795
53.0,0.0001270703125,0.2003873407840729,0.053589754704877784
125.0,0.0051220703125,0.09544369466602802,0.034035978489859835
89.0,0.0026245703125000004,0.09747068174183368,0.033976100547966626
16.0,0.0076195703125,0.0909586730102698,0.03164703926243993
21.0,0.0029367578125000003,0.0930161215364933,0.032743742070355505
93.0,0.0079317578125,0.09341193549335003,0.03288573014981854
130.0,0.00043925781250000003,0.16690412039558092,0.040885644657674095
57.0,0.0054342578125,0.09251779864231745,0.03208423972024089
75.0,0.0016880078125,0.10047738241652647,0.03412913377943872
148.0,0.0066830078125,0.09518327377736568,0.033898463479017434
112.0,0.0041855078125,0.09598935668667158,0.03410547086627137
39.0,0.0091805078125,0.09228656788667043,0.0323646084702785
30.0,0.0010636328125000001,0.09665897488594055,0.03408184560466545
102.0,0.0060586328125,0.09398138038814068,0.033221791406965524
139.0,0.0035611328125000003,0.09876107101639112,0.03532636924062173
66.0,0.0085561328125,0.09337171067794164,0.03289601766834463
48.0,0.0048098828125,0.09297328492005666,0.032597477059545805
121.0,0.0098048828125,0.0940269835293293,0.033264482436099974
84.0,0.0023123828125,0.09810814807812372,0.03471793296946876
12.0,0.0073073828125,0.09057341242829958,0.0314355203781472
10.0,0.0046537890625,0.09101078175008297,0.031711718736095504
82.0,0.0096487890625,0.09301417854924997,0.032774567523240726
118.0,0.0021562890625,0.10465488011638323,0.03847408519008817
46.0,0.0071512890625,0.0921227595458428,0.0319611291386264
64.0,0.0009075390625,0.108840203906099,0.0374681080756347
136.0,0.0059025390625,0.09534846308330695,0.034007774986306
100.0,0.0034050390625000003,0.09691638338069121,0.03462663634961047
28.0,0.0084000390625,0.09177906525631746,0.03213002115413141
37.0,0.0015319140625,0.09571687330802282,0.03407639472914118
109.0,0.0065269140625,0.09457646819452445,0.033571052727197626
146.0,0.0040294140625,0.0986097181836764,0.034635707822169425
73.0,0.0090244140625,0.09338119166592757,0.032876845562574614
55.0,0.0027806640625000004,0.09487286061048508,0.033674037922896985
127.0,0.0077756640625,0.09309807072083155,0.03254457743382962
91.0,0.00028316406250000005,0.16769772271315256,0.04783575075674587
19.0,0.0052781640625,0.09166052329043547,0.031808766017257586
14.0,0.0005953515625000001,0.09554370902478695,0.03388974975641786
87.0,0.0055903515625,0.09439845172067483,0.03346678093529916
123.0,0.0030928515625000003,0.09917516410350799,0.03465062397348273
50.0,0.0080878515625,0.09260036746660869,0.03253805469446895
69.0,0.0043416015625,0.09426719881594181,0.03341129820526809
141.0,0.0093366015625,0.0938225757330656,0.033225184066678355
105.0,0.0018441015625,0.10584106122454008,0.03779974136404753
32.0,0.0068391015625,0.09254311757783094,0.032518357012502275
23.0,0.0037172265625000003,0.09273071450491746,0.0325556154898892
96.0,0.0087122265625,0.09366829904417197,0.03306885797693554
132.0,0.0012197265625,0.11781072927018006,0.036011440285780516
59.0,0.0062147265625,0.09360848205784957,0.033087113995747805
41.0,0.0024684765625,0.09459830857813359,0.03359476104227916
114.0,0.0074634765625,0.09273144553105037,0.03216443163611325
78.0,0.0049659765625,0.09444490397969882,0.03354428399181642
5.0,0.0099609765625,0.08985587060451508,0.030780757644832884
5.0,0.00498548828125,0.09003363872567813,0.031080732740237493
78.0,0.00998048828125,0.0933118342111508,0.03293362330371556
114.0,0.0024879882812500003,0.09931372217833996,0.03445183076616154
42.0,0.00748298828125,0.09280341354509195,0.03263315413841075
60.0,0.00123923828125,0.10130642466247082,0.035507963256138815
132.0,0.00623423828125,0.09491491119066874,0.033710191164376374
96.0,0.00373673828125,0.09593561167518298,0.03432172854833322
23.0,0.00873173828125,0.09114376083016396,0.03161302135592302
33.0,0.0018636132812500001,0.09476511577765147,0.033591103109018305
105.0,0.00685861328125,0.09431389930347601,0.03351351634470292
141.0,0.00436111328125,0.09734866966803869,0.034923099002839145
69.0,0.00935611328125,0.09291932632525762,0.03266885800525018
51.0,0.0031123632812500002,0.09444201787312825,0.03347925504402133
123.0,0.00810736328125,0.09420268138249716,0.033399058507755694
87.0,0.0006148632812500001,0.12927918111284573,0.036571420470939225
14.0,0.0056098632812499995,0.09118901652594408,0.03177838391002967
19.0,0.00030267578125000005,0.10640469454228878,0.03609651470826033
91.0,0.0052976757812499995,0.09455856444935004,0.03344462272890566
128.0,0.0028001757812500003,0.10189559447268645,0.03571191234161711
55.0,0.00779517578125,0.09292891398072242,0.032683493618829204
73.0,0.00404892578125,0.09468661497036616,0.0336537051262193
146.0,0.00904392578125,0.0944441003104051,0.03343897971784944
110.0,0.0015514257812500002,0.1090131752192974,0.03530213714709906
37.0,0.00654642578125,0.09280638011793295,0.032667218686442547
28.0,0.00342455078125,0.09334601275622845,0.03294794305118187
101.0,0.00841955078125,0.09362956918776036,0.033092239407507766
137.0,0.00092705078125,0.1267818951358398,0.039464763813315484
64.0,0.00592205078125,0.09379429581264655,0.03315090990975022
46.0,0.0021758007812500003,0.0945401797691981,0.03347190424156812
119.0,0.00717080078125,0.09372024772067865,0.03308277289882471
82.0,0.00467330078125,0.09444513817628225,0.033389927039567696
10.0,0.00966830078125,0.09008400465051333,0.031077182978650128
12.0,0.0023318945312500003,0.09273311470945676,0.03259248942023802
85.0,0.00732689453125,0.09365636706352234,0.033076693294892975
121.0,0.00482939453125,0.09589715066055457,0.034099018234425446
48.0,0.00982439453125,0.09175538793206214,0.031761605166242934
67.0,0.00358064453125,0.09469458411137263,0.03365745609747491
139.0,0.008575644531250001,0.09424227749307951,0.03334078661188311
103.0,0.00108314453125,0.1176083949704965,0.037182599171468926
30.0,0.00607814453125,0.09219456339875857,0.032292038746785795
39.0,0.00420501953125,0.09352072576681773,0.032995455130672716
112.0,0.00920001953125,0.09344158507883549,0.03299467446391691
148.0,0.0017075195312500002,0.11324001550674438,0.03928342983830894
76.0,0.00670251953125,0.0936807382851839,0.03304089763441162
57.0,0.00045876953125000003,0.12104088142514229,0.03534661666860547
130.0,0.0054537695312499995,0.09560093445082506,0.03410517012992365
94.0,0.0029562695312500002,0.09691001685957114,0.034161015832458654
21.0,0.00795126953125,0.09112372919917107,0.03163111611599765
17.0,0.0026440820312500003,0.09306530940035979,0.032808137875896294
89.0,0.00763908203125,0.0935401958723863,0.03298824766350587
125.0,0.00014658203125,0.33641695727904636,0.12863611040913334
53.0,0.0051415820312499996,0.09372750843564669,0.03312659239968594
71.0,0.0013953320312500002,0.10276915120581785,0.03518308760366362
144.0,0.00639033203125,0.09377907179296016,0.03277310346866805
107.0,0.00389283203125,0.09582457778354486,0.03358833951863931
35.0,0.008887832031250001,0.09203733168542386,0.032204777186357066
26.0,0.00077095703125,0.09780726556976636,0.0348655867839304
98.0,0.00576595703125,0.0936218215773503,0.03305127371949435
134.0,0.00326845703125,0.0996749193718036,0.035922027811667395
62.0,0.008263457031250001,0.09266340571145217,0.032597246520523024
44.0,0.00451720703125,0.09325871877372265,0.03281312558902104
116.0,0.00951220703125,0.09384632123013338,0.0331736793982274
80.0,0.0020197070312500003,0.09832831422487895,0.03455077633527966
8.0,0.00701470703125,0.09019920701781908,0.031248183622777894
9.0,0.00100509765625,0.09342817117770513,0.032804869687673016
81.0,0.00600009765625,0.09417579310635725,0.03334260091299921
117.0,0.00350259765625,0.09742504234115283,0.034277336573537494
45.0,0.00849759765625,0.09192114373048146,0.031934371530420086
63.0,0.00475134765625,0.09388424841066202,0.03322099534206334
136.0,0.00974634765625,0.09423151450852553,0.033423668794924324
99.0,0.0022538476562500003,0.10026659369468689,0.03504843888696089
27.0,0.00724884765625,0.09177342057228088,0.03202496496865487
36.0,0.0028782226562500002,0.09362857503195604,0.03299853650369806
108.0,0.00787322265625,0.0925735971579949,0.03227901283090214
145.0,0.00038072265625000004,0.1900036685168743,0.05975686037322749
72.0,0.00537572265625,0.09304703436791897,0.03260620957502364
54.0,0.0016294726562500002,0.09688115753233432,0.03441342300383339
127.0,0.00662447265625,0.09355075173079967,0.032758548335969036
90.0,0.00412697265625,0.09445136189460754,0.033569914472676494
18.0,0.00912197265625,0.09085868286589781,0.0315616360265194
22.0,0.00381478515625,0.09291310074428717,0.03268272458432165
95.0,0.00880978515625,0.09376713223755359,0.03314171734191609
131.0,0.0013172851562500002,0.11632650730510553,0.03850702348483773
59.0,0.00631228515625,0.093575452764829,0.03302834191663321
77.0,6.853515625e-05,0.4482462132970492,0.17798399149634206
149.0,0.00506353515625,0.096470678349336,0.034158857415061854
113.0,0.0025660351562500003,0.10026423049469789,0.035723847976893285
40.0,0.00756103515625,0.09202101789414882,0.03208478494318992
31.0,0.0019416601562500001,0.0941447950899601,0.03332555949574355
104.0,0.00693666015625,0.09429294553895791,0.03345264733001066
140.0,0.00443916015625,0.09689549021422864,0.034327281340188226
68.0,0.00943416015625,0.09322065797944863,0.03286968354049123
50.0,0.00319041015625,0.09426046001414458,0.03331872798846872
122.0,0.00818541015625,0.09425332310299078,0.03344684499679336
86.0,0.0006929101562500001,0.12231411014993986,0.03900738135831322
13.0,0.00568791015625,0.09116626481215159,0.03180683650224309
11.0,0.00365869140625,0.0915461437155803,0.031771646397260496
84.0,0.00865369140625,0.09363345727324486,0.033048581101024814
120.0,0.00116119140625,0.11224774954219659,0.035988897622040335
47.0,0.00615619140625,0.0924076442917188,0.032139143212626495
65.0,0.0024099414062500003,0.09598543867468834,0.03401587884341882
138.0,0.00740494140625,0.09478491594394048,0.03376416556086246
102.0,0.00490744140625,0.094529964402318,0.03352805549427942
29.0,0.00990244140625,0.09167343092461427,0.03205595244933638
38.0,0.0005368164062500001,0.10895041413605214,0.037517201219442575
111.0,0.00553181640625,0.09491082392632962,0.03374249354013358
147.0,0.0030343164062500002,0.10193037924667199,0.037210004702667436
74.0,0.00802931640625,0.09302408024668693,0.0327541840505733
56.0,0.00428306640625,0.09405845726529757,0.03332741887418835
129.0,0.00927806640625,0.09416878136495749,0.033361875955097715
93.0,0.0017855664062500002,0.10345964382092158,0.03625314894626774
20.0,0.00678056640625,0.09156928261121114,0.03200957607374703
16.0,0.0014733789062500002,0.09383108280599117,0.03319551594864208
88.0,0.00646837890625,0.0941412369410197,0.033331033300622134
124.0,0.00397087890625,0.09695708279808363,0.03489445974075696
52.0,0.00896587890625,0.09286776247123878,0.0326684775572646
70.0,0.0027221289062500003,0.0955664124339819,0.03382731929847341
142.0,0.00771712890625,0.09401980340480805,0.03325168180270284
106.0,0.00022462890625,0.22499790315826734,0.07021075266486551
34.0,0.00521962890625,0.09309347569942475,0.03279543974782295
25.0,0.00459525390625,0.0927941381931305,0.03263481893843492
97.0,0.00959025390625,0.09315250652531783,0.03280645821943787
133.0,0.0020977539062500003,0.10575062098602454,0.036790320075942906
61.0,0.00709275390625,0.093330167979002,0.03288206884167446
43.0,0.00084900390625,0.10414277998109658,0.03602080510679171
115.0,0.00584400390625,0.09481167321403822,0.03356697362247149
79.0,0.00334650390625,0.09547212931017081,0.033882399872481095
6.0,0.00834150390625,0.0899536178757747,0.03093401595460373
6.0,0.0016684960937500002,0.09207346315185229,0.03224995585561658
78.0,0.00666349609375,0.09391327624519666,0.033246184407646595
115.0,0.00416599609375,0.09619353823363781,0.03408542561085612
42.0,0.00916099609375,0.09244529865682125,0.03244845965071785
60.0,0.00291724609375,0.09449575506150723,0.03341335734541243
133.0,0.00791224609375,0.09390471987426281,0.033222974351335206
97.0,0.00041974609375000003,0.14669233858585357,0.038714180493398205
24.0,0.00541474609375,0.09219146234293779,0.03235485981649696
33.0,0.00479037109375,0.09317182625333469,0.03281173285774241
106.0,0.00978537109375,0.09341457361976306,0.03294346374048922
142.0,0.00229287109375,0.10543081921835741,0.03579338967742741
69.0,0.00728787109375,0.0933414414525032,0.0328983464359975
51.0,0.00104412109375,0.10313740260899067,0.03583457835875364
124.0,0.00603912109375,0.09488956841329733,0.03379942439866225
87.0,0.0035416210937500004,0.09557038036485513,0.03413377726831236
15.0,0.00853662109375,0.09063775204122067,0.031510334231183275
20.0,0.0032294335937500004,0.09295159044365088,0.03271820022771051
92.0,0.00822443359375,0.09367545781036218,0.033034363590114406
128.0,0.00073193359375,0.1356356347600619,0.040018562501824326
56.0,0.00572693359375,0.09362772653500238,0.033040667721462386
74.0,0.00198068359375,0.09859030085305373,0.03498266966796777
146.0,0.0069756835937500004,0.09515562082330385,0.03358203116072803
110.0,0.00447818359375,0.09566878254214922,0.034200952928390066
38.0,0.00947318359375,0.09157126632829507,0.03165081119948066
29.0,0.00010755859375,0.1605262172718843,0.04958006606080473
101.0,0.00510255859375,0.09467961440483728,0.03359827794711046
137.0,0.00260505859375,0.10244461211065452,0.03585201009851087
65.0,0.00760005859375,0.09304981542130311,0.03270296453606481
47.0,0.0038538085937500004,0.0932978325833877,0.032729996973537755
119.0,0.00884880859375,0.09330776271720727,0.03283741764868715
83.0,0.0013563085937500002,0.10414154169460138,0.03663882095382358
10.0,0.00635130859375,0.09053363613784313,0.031414374718109504
13.0,0.00432208984375,0.09174125293890635,0.032065983342015165
85.0,0.00931708984375,0.0933107001086076,0.032900490070523584
121.0,0.0018245898437500001,0.1065420796473821,0.03688087536138994
49.0,0.00681958984375,0.09263941794633865,0.032496612501305915
67.0,0.0005758398437500001,0.12185070266326269,0.0389889615696748
140.0,0.00557083984375,0.09559011347591877,0.033684453115608526
103.0,0.00307333984375,0.0965870764106512,0.03382016729105337
31.0,0.00806833984375,0.09191453754901886,0.032123370425315816
40.0,0.00244896484375,0.09411420784890652,0.03334452874601064
112.0,0.00744396484375,0.09381667611499628,0.03323232782264197
149.0,0.00494646484375,0.09647161439061165,0.03399976839184539
76.0,0.009941464843750001,0.09306322485208511,0.03280043232584897
58.0,0.0036977148437500004,0.09412785855432351,0.03331635849642142
131.0,0.00869271484375,0.09410775129993756,0.03330388149394189
94.0,0.00120021484375,0.11023593333860239,0.035430088949163684
22.0,0.00619521484375,0.09194836094975471,0.03220537518306366
17.0,0.00088802734375,0.0949825311700503,0.03382025973093335
90.0,0.00588302734375,0.09311402688423792,0.032557406588122915
126.0,0.0033855273437500004,0.09823736523588499,0.03466173768426144
53.0,0.00838052734375,0.0930481011668841,0.032743850447845335
72.0,0.00463427734375,0.09356069217125575,0.03289006058701713
144.0,0.009629277343750001,0.09250085937480132,0.032145174735050575
108.0,0.00213677734375,0.10152738504111766,0.03586772707490822
35.0,0.00713177734375,0.09227337948977947,0.03233824844843873
26.0,0.00276115234375,0.09351188081006209,0.03295379781949929
99.0,0.00775615234375,0.09407487300535043,0.033300611911264294
135.0,0.00026365234375000005,0.21836916506290435,0.05895929202051757
63.0,0.00525865234375,0.09371769987046719,0.03307066671760119
44.0,0.0015124023437500002,0.09635252952575683,0.03411154425814714
117.0,0.00650740234375,0.0944492343813181,0.03340462890074182
81.0,0.00400990234375,0.0950255211442709,0.03383518698258728
8.0,0.00900490234375,0.0900654541949431,0.031092533719925073
7.0,0.00299529296875,0.09123049999276797,0.03186531534109562
80.0,0.00799029296875,0.09234914568563303,0.03210469929718841
116.0,0.0004977929687500001,0.1471519723534584,0.04912184759793482
43.0,0.00549279296875,0.09321157733599345,0.03280894789899806
61.0,0.0017465429687500002,0.09809587659935157,0.03501448997903466
134.0,0.00674154296875,0.09406561367213725,0.033168402029478634
98.0,0.0042440429687499994,0.09490584234396617,0.03365429762820497
25.0,0.00923904296875,0.09149963594973087,0.03195157144877361
34.0,0.00112216796875,0.0967987178514401,0.03495828725755532
107.0,0.00611716796875,0.0940651082744201,0.03330745234172914
143.0,0.0036196679687500004,0.09922089539468289,0.0346625132333562
70.0,0.00861466796875,0.09274968306223551,0.03258520869008474
52.0,0.00486841796875,0.09380060235659281,0.033074194866218626
125.0,0.00986341796875,0.09341501916448275,0.032954619003888005
89.0,0.00237091796875,0.09929754883050919,0.03575206802848269
16.0,0.00736591796875,0.0909917525947094,0.031735456833798456
21.0,0.00205873046875,0.0935352391252915,0.03298516384344292
93.0,0.00705373046875,0.09363490864634513,0.03305297773759854
129.0,0.00455623046875,0.0961214651664098,0.033795750575341704
57.0,0.00955123046875,0.0917536643644174,0.031679388482831805
75.0,0.0033074804687500004,0.09538947703937689,0.03379638233259464
148.0,0.00830248046875,0.09445519583920638,0.033470716700552815
111.0,0.00080998046875,0.12693225195010502,0.03918843160300406
39.0,0.00580498046875,0.09308977561692397,0.032743635029874915
30.0,0.0039318554687499995,0.09299868419766426,0.03265388787386475
102.0,0.00892685546875,0.09316397346556186,0.03281280152597091
138.0,0.0014343554687500002,0.11668037523825964,0.038269148099324225
66.0,0.00642935546875,0.09373502458135287,0.03312821190038888
48.0,0.00018560546875,0.15996733953555425,0.05139576920268938
120.0,0.00518060546875,0.09451386717458567,0.03322826049536556
84.0,0.00268310546875,0.09743361063301563,0.03495694486752084
12.0,0.00767810546875,0.09048435812195142,0.03140141462378025
9.0,0.00034169921875000004,0.09611627521614234,0.03405006501934132
82.0,0.00533669921875,0.09417140645285448,0.03340160708394039
118.0,0.00283919921875,0.09884177433947722,0.03443939852649316
46.0,0.00783419921875,0.0919326135267814,0.03186953714870323
64.0,0.0040879492187499995,0.0945353406171004,0.0335608126308064
136.0,0.00908294921875,0.09441029007236162,0.03342879292735989
100.0,0.0015904492187500002,0.10476304143667221,0.038383274801763144
27.0,0.00658544921875,0.0919637706130743,0.03214183075331437
37.0,0.0034635742187500004,0.09375293714304765,0.03312159418422396
109.0,0.00845857421875,0.09405705705285072,0.03334920009475598
145.0,0.0009660742187500001,0.12876766175031662,0.037841573025916994
73.0,0.00596107421875,0.09390736296772957,0.033227326290181214
55.0,0.00221482421875,0.0958580809334914,0.034278953068517956
127.0,0.00720982421875,0.0932433591534694,0.032503731671161995
91.0,0.00471232421875,0.09484248720109463,0.03380650829891343
18.0,0.00970732421875,0.09073741473257542,0.03150969021110254
14.0,0.00440013671875,0.09165707814196745,0.03192450222044609
86.0,0.00939513671875,0.09270955050985018,0.03255541634747022
123.0,0.0019026367187500001,0.10633790642023086,0.03399274409101239
50.0,0.00689763671875,0.09288940951228142,0.032674792062846125
68.0,0.0006538867187500001,0.12023252062499523,0.04453927137404172
141.0,0.00564888671875,0.09534258532027404,0.0336164826765431
104.0,0.0031513867187500004,0.09735369458794593,0.03471685202143104
32.0,0.00814638671875,0.09222775350014369,0.032336926195957696
23.0,0.0012782617187500002,0.09461225954194864,0.03363369378988292
95.0,0.00627326171875,0.09433799336353937,0.033434626055176705
132.0,0.0037757617187500004,0.09740533282359441,0.034369048367707114
59.0,0.00877076171875,0.09310391396284104,0.03279780882493645
41.0,0.00252701171875,0.0945596241702636,0.0335282827994381
114.0,0.00752201171875,0.092684713875254,0.03206153603086871
77.0,2.9511718750000004e-05,0.7520026723543803,0.24868998183326665
5.0,0.00502451171875,0.09002986761430899,0.031079430515879147
5.0,0.0025172558593750003,0.09093195932606855,0.03168202536191771
77.0,0.007512255859375,0.09275001126031081,0.03247451122332848
114.0,1.9755859375e-05,1.0271309187014899,0.31166139287564343
41.0,0.005014755859375,0.09343589941660563,0.03295264690436893
59.0,0.001268505859375,0.10167031114300092,0.03681166808299016
132.0,0.006263505859375,0.09488765684266885,0.03373008851157419
96.0,0.003766005859375,0.09577708815534909,0.03368228089111645
23.0,0.008761005859375,0.09112858461836974,0.03160410938030023
32.0,0.0006441308593750001,0.10220507370928923,0.03519394791398023
105.0,0.005639130859375,0.09482778112093608,0.033807569490670125
141.0,0.0031416308593750003,0.10203253626823425,0.03687012748683664
68.0,0.008136630859375,0.09344539133210977,0.03299466801361688
50.0,0.004390380859375,0.09365481808781624,0.033037731310401726
123.0,0.009385380859375,0.09388436575730642,0.03320990241474687
86.0,0.0018928808593750002,0.09992716449002424,0.03649562124056358
14.0,0.006887880859375,0.09086364582180977,0.03162912104105898
19.0,0.0022050683593750004,0.09319208425780137,0.03271526774118199
91.0,0.007200068359375,0.09404344285527864,0.033298117527213525
127.0,0.004702568359375,0.09504057951271534,0.03350540593936788
55.0,0.009697568359375,0.09259345556298891,0.03247901992178881
73.0,0.0034538183593750002,0.0951944907506307,0.03376470442572271
145.0,0.008448818359375,0.09468904870251814,0.03364175630503885
109.0,0.0009563183593750001,0.11685475235184034,0.038587188829114986
37.0,0.005951318359375,0.09300003461539745,0.03272240398287365
28.0,0.004078193359375,0.09309523093203703,0.03282113183619691
100.0,0.009073193359375,0.09367753950258097,0.033076708237370446
136.0,0.0015806933593750002,0.11168328287700811,0.03706501289758221
64.0,0.006575693359375,0.09366914530595144,0.03311868072283175
46.0,0.00033194335937500004,0.12289680987596512,0.03802489112207738
118.0,0.005326943359375,0.09508002288639546,0.03398757527869123
82.0,0.0028294433593750003,0.09625693038105965,0.0342041827188819
9.0,0.007824443359375,0.09020348576207955,0.031248640939043407
12.0,0.000175849609375,0.10787628032267094,0.03635507896883417
84.0,0.005170849609375,0.09447260610759259,0.03351027784752294
120.0,0.0026733496093750003,0.10014501325786114,0.03488528201699762
48.0,0.007668349609375,0.09214363930126031,0.03207694273434432
66.0,0.003922099609375,0.09449980395535627,0.033497425797799664
139.0,0.008917099609375,0.09417241389552752,0.0334288424502041
102.0,0.001424599609375,0.10931731313467026,0.037188890506748354
30.0,0.006419599609375,0.09211573575933775,0.03220222946351863
39.0,0.0032977246093750003,0.09390663901964823,0.03321058249879816
111.0,0.008292724609375,0.09394427140553792,0.03318672555393993
148.0,0.0008002246093750001,0.14176998858650525,0.039123092262720774
75.0,0.005795224609375,0.09405399188399315,0.03323594248698514
57.0,0.002048974609375,0.09573988256355127,0.03367061395241373
130.0,0.007043974609375,0.09466045796871185,0.03375967584492685
93.0,0.004546474609375,0.09465677986542384,0.03357660180057401
21.0,0.009541474609375,0.0908358421176672,0.031467557748067254
16.0,0.004858662109375,0.09184479005634785,0.03215078336946453
89.0,0.009853662109375,0.09303386310736338,0.03275425141098702
125.0,0.0023611621093750004,0.10274518119792143,0.035818275935440534
53.0,0.007356162109375,0.09323799932996432,0.03285527917091869
71.0,0.001112412109375,0.10739065396289031,0.03710579381773887
143.0,0.006107412109375,0.0947762002547582,0.033760290763724256
107.0,0.0036099121093750002,0.09649078572789828,0.03437253753460421
34.0,0.008604912109375,0.09225088842213154,0.03232531125811441
25.0,0.0017367871093750002,0.09423382443686326,0.03325650846877165
98.0,0.006731787109375,0.09317535149554411,0.032666134557434064
134.0,0.004234287109375,0.09694027242561182,0.03490680922515455
62.0,0.009229287109375,0.09256600936253866,0.032540214470469044
43.0,0.0029855371093750003,0.0942142054438591,0.03329219603934977
116.0,0.007980537109375,0.09417762284477552,0.03336735510068828
80.0,0.0004880371093750001,0.1348943625887235,0.04714940968261297
7.0,0.005483037109375,0.0902482641239961,0.031238761115054806
8.0,0.001502646484375,0.09266922200719516,0.03250641667500577
81.0,0.006497646484375,0.09398083438475927,0.03328050493678133
117.0,0.004000146484375,0.0964228664835294,0.033996256274339255
45.0,0.008995146484375001,0.09180488822360834,0.031878567449623904
63.0,0.0027513964843750003,0.09521142256756623,0.03379360877745679
135.0,0.007746396484375,0.0930654147018989,0.03251453993004058
99.0,0.00025389648437500005,0.1960376801590125,0.057119792090901046
26.0,0.005248896484375,0.09243206369380157,0.03252506134883935
36.0,0.004624521484375,0.0928795974701643,0.03257783363626198
108.0,0.009619521484375,0.09216022516290347,0.03196197041208236
144.0,0.002127021484375,0.10694358373681705,0.036654182775815045
72.0,0.007122021484375,0.09246658186117808,0.03218774327321245
54.0,0.0008782714843750001,0.1065022200345993,0.03745974666656413
126.0,0.0058732714843749995,0.09443573628862699,0.03323917863132335
90.0,0.0033757714843750002,0.09517488044997056,0.033930154864297034
17.0,0.008370771484375,0.09087631391982237,0.03166393509170599
22.0,0.003687958984375,0.09294289561609427,0.032737009603966555
94.0,0.008682958984375001,0.09226453912754853,0.0319327367852688
131.0,0.001190458984375,0.11781140230596066,0.03892644101058091
58.0,0.006185458984375,0.09327957605322203,0.03284466899576931
76.0,0.0024392089843750004,0.09720277649660905,0.03451808016979441
149.0,0.007434208984375,0.09473512656986713,0.033627840257827654
113.0,0.004936708984375,0.09488211038211981,0.03372078609960128
40.0,0.009931708984375,0.09160251108308633,0.03176570227508582
31.0,0.000566083984375,0.10258683214584986,0.035232970432993005
103.0,0.005561083984375,0.09348276928067208,0.03263998693830341
140.0,0.0030635839843750003,0.10067729266981283,0.0352762986757885
67.0,0.008058583984375,0.09303533596297105,0.03270634884845425
49.0,0.004312333984375,0.09343555929760138,0.03290968051968318
122.0,0.009307333984375001,0.09398420962194602,0.03322453314622858
85.0,0.0018148339843750002,0.10196078829467296,0.03687048029790356
13.0,0.006809833984375,0.09083704451719919,0.031593393682512065
11.0,0.003844052734375,0.09144734628498555,0.03177583768226483
83.0,0.008839052734375,0.09223618085185686,0.03214583415126331
119.0,0.001346552734375,0.11184212068716685,0.03640429013217504
47.0,0.006341552734375,0.0923314788689216,0.03210875199634772
65.0,9.7802734375e-05,0.27115154564380645,0.08533361194956134
137.0,0.005092802734375,0.09630209356546401,0.03427273184374892
101.0,0.0025953027343750003,0.098900564139088,0.035193189157918775
29.0,0.007590302734375,0.09220550109942754,0.032290356675009034
38.0,0.001970927734375,0.09437833627065023,0.03331574171401023
110.0,0.006965927734375,0.09435736201703548,0.033459918243923394
147.0,0.004468427734375,0.09734962855776151,0.034835094060691164
74.0,0.009463427734375,0.092731482659777,0.03261262913546957
56.0,0.0032196777343750003,0.09463785911599795,0.033651409753727005
128.0,0.008214677734375,0.09447521492838859,0.0333906328494574
92.0,0.0007221777343750001,0.12296515790124735,0.04186076584029932
20.0,0.0057171777343749995,0.09186643746991953,0.032184830564693824
15.0,0.001034365234375,0.09429768497745196,0.03337574424039062
88.0,0.006029365234375,0.094188995535175,0.03336373464280089
124.0,0.0035318652343750002,0.09761524039010207,0.03458700127721091
51.0,0.008526865234375,0.09279034920036792,0.03260600987369809
69.0,0.004780615234375,0.09404073481758436,0.0332617881398951
142.0,0.009775615234375,0.09341271022955576,0.03293939351786238
106.0,0.0022831152343750004,0.10100208620230357,0.03614091140046496
33.0,0.007278115234375,0.09248480685055256,0.03248140147679298
24.0,0.0029074902343750003,0.09329525604844094,0.03282906265038039
97.0,0.007902490234375,0.09350840846697489,0.03295417508877502
133.0,0.00040999023437500004,0.1743366243938605,0.0532187110117005
60.0,0.005404990234375,0.0928976363192002,0.032508761966668735
42.0,0.0016587402343750002,0.09581531199316183,0.03413677276461308
115.0,0.006653740234375,0.0945825041582187,0.03358064899016045
79.0,0.004156240234375,0.09466250265638033,0.033609069757875754
6.0,0.009151240234375,0.08991851732134819,0.030900297173870453
7.0,0.0008392480468750001,0.09341327187915643,0.03294059066861075
79.0,0.005834248046875,0.09385909326374531,0.033131594441001166
115.0,0.003336748046875,0.09794516960779825,0.03462620174621089
43.0,0.008331748046875,0.09248356732229392,0.03243714949243614
61.0,0.004585498046875,0.09402398752669493,0.033247930350919344
133.0,0.009580498046875,0.09347056013842424,0.03302302476339581
97.0,0.002087998046875,0.10074621153374513,0.03359234823115662
25.0,0.007082998046875,0.09201734997332096,0.032200330534605213
34.0,0.002712373046875,0.09406609038511912,0.03326292822482025
106.0,0.007707373046875,0.09387056306004524,0.03321516697677073
143.0,0.000214873046875,0.25503523697455727,0.07402170017623579
70.0,0.005209873046875,0.09349848876396814,0.03297292372424877
52.0,0.001463623046875,0.09838334818681081,0.03540833658132703
124.0,0.006458623046875,0.09466024972498417,0.03342398105570416
88.0,0.003961123046875,0.09526568079988161,0.033855614114403784
16.0,0.008956123046875,0.09067379484574,0.031495319023800636
20.0,0.004273310546875,0.09242937875290712,0.032461760834696096
93.0,0.009268310546875,0.0931193869560957,0.03277964598988273
129.0,0.0017758105468750002,0.10728945694863797,0.03515613290585171
56.0,0.006770810546875,0.09339353665709496,0.03296404720706561
75.0,0.000527060546875,0.12431782086690267,0.04056280532422996
147.0,0.005522060546875,0.09596957477430502,0.03419677960524132
111.0,0.003024560546875,0.09859121094147365,0.03492369558061077
38.0,0.008019560546875,0.09167932483057181,0.03170371639504258
29.0,0.002400185546875,0.09401901736855507,0.03333111486126884
102.0,0.0073951855468750004,0.09352061524987221,0.032972809846922115
138.0,0.004897685546875,0.09647648719449838,0.03431187735353842
66.0,0.009892685546875,0.09309068868557611,0.032712433166152244
47.0,0.0036489355468750004,0.09337889899810155,0.032740769093346854
120.0,0.008643935546875,0.0924601895113786,0.0321306358828777
84.0,0.001151435546875,0.11221988573670387,0.037490381409871695
11.0,0.006146435546875,0.09063567680617174,0.03148692756202263
13.0,0.003180654296875,0.09230488650500775,0.032376835735791094
86.0,0.008175654296875,0.09297685337563356,0.03271944117285942
122.0,0.0006831542968750001,0.13791142453749974,0.044129208952314966
50.0,0.005678154296875,0.09327556962768237,0.032816508744748465
68.0,0.0019319042968750002,0.09795309168597062,0.03442223922632565
140.0,0.006926904296875,0.09474353417754174,0.03361506968774191
104.0,0.004429404296875,0.09581493499378363,0.0341567031374473
32.0,0.009424404296875,0.0919616928944985,0.03218768882871125
41.0,5.8779296875e-05,0.29972747961680096,0.08954178044771682
113.0,0.005053779296875,0.09480102260907491,0.033856505960359884
149.0,0.002556279296875,0.10460126213729382,0.03560401912793513
77.0,0.007551279296875,0.09275933019816876,0.03247006158326976
59.0,0.0038050292968750004,0.09435263946652413,0.03339611574304706
131.0,0.008800029296875,0.09410569667816163,0.03331241317759992
95.0,0.001307529296875,0.1099919671813647,0.03837553747838569
22.0,0.006302529296875,0.0919776717821757,0.03220281615495425
18.0,0.0016197167968750002,0.09376296748717626,0.03305835824074741
90.0,0.006614716796875,0.09275276946524778,0.03238295407491471
127.0,0.004117216796875,0.09660238896807034,0.034508416487920406
54.0,0.009112216796875,0.0919156789779663,0.03186694943876798
72.0,0.002868466796875,0.09537413728733858,0.033940510264595616
145.0,0.007863466796875,0.09478189957638582,0.033587037731759285
109.0,0.00037096679687500004,0.1600929819047451,0.04910389844275308
36.0,0.005365966796875,0.09260853106776873,0.032444391340045786
27.0,0.004741591796875,0.09256792403757572,0.032523753116843204
100.0,0.009736591796875001,0.09358183766404787,0.03304389585243557
136.0,0.002244091796875,0.10729204018910726,0.0370927016533665
63.0,0.0072390917968750005,0.09322416794796785,0.03284274929239226
45.0,0.000995341796875,0.10095568882922332,0.034885415121950335
118.0,0.005990341796875,0.094557253519694,0.03349936584363769
81.0,0.0034928417968750004,0.09544312804937363,0.033713683138970024
9.0,0.008487841796875,0.09014470279216766,0.03121186201815629
8.0,0.0045074511718749995,0.09065040101607641,0.03141733799507763
80.0,0.009502451171875,0.09202833088735739,0.031966248474084615
117.0,0.002009951171875,0.1046655618896087,0.03666945812552708
44.0,0.007004951171875,0.09252639512221018,0.03248257067715648
62.0,0.0007612011718750001,0.11256399763127169,0.036642976607212455
135.0,0.005756201171875,0.0940949677179257,0.033108609989325445
98.0,0.003258701171875,0.0965215208629767,0.03454662079658123
26.0,0.008253701171875,0.09162799306213856,0.03201440655240601
35.0,0.001385576171875,0.09557569536070029,0.033946212670278586
107.0,0.006380576171875,0.09396123563249906,0.03315992247749868
144.0,0.0038830761718750004,0.09772288563350837,0.03453317191620103
71.0,0.008878076171875,0.09317185990512371,0.032823795566526
53.0,0.002634326171875,0.09507911652326584,0.033813726132876074
126.0,0.007629326171875,0.09376980202893416,0.033044728947139966
89.0,0.000136826171875,0.2680285722017288,0.06253278725726684
17.0,0.005131826171875,0.09189323695997396,0.03215305355985427
21.0,0.00044901367187500003,0.10128339044749737,0.035956072588797544
94.0,0.005444013671875,0.09343631925682226,0.032646080995192
130.0,0.002946513671875,0.10113457428912322,0.035475271530317085
58.0,0.007941513671875,0.09289808211227259,0.03268504280457281
76.0,0.0041952636718749995,0.09455841034650803,0.03356212650760944
148.0,0.009190263671875,0.09424436961611111,0.03342388969895009
112.0,0.0016977636718750002,0.10655722320079804,0.03498656353638113
39.0,0.006692763671875,0.09284918457269668,0.032668088973948316
30.0,0.0035708886718750004,0.09313721793393294,0.032750708988689
103.0,0.008565888671875,0.09231872061888377,0.03193387708074712
139.0,0.001073388671875,0.12469075794021288,0.04274448371967378
67.0,0.006068388671875,0.09347655673821767,0.03295573647416348
49.0,0.002322138671875,0.09491344218452771,0.03363616452730608
121.0,0.007317138671875,0.09456248320639134,0.033467257175107186
85.0,0.004819638671875,0.09452034197747708,0.03350940697911796
12.0,0.009814638671875,0.0901840386291345,0.03117564132804037
10.0,0.002166044921875,0.09240227056046327,0.032314452929503155
83.0,0.007161044921875,0.09273168183863163,0.03236401824768578
119.0,0.0046635449218749995,0.09547712070246538,0.03408067346670771
46.0,0.009658544921875,0.09155413520832857,0.03161239579419684
64.0,0.003414794921875,0.09488959026833375,0.03382089131155362
137.0,0.008409794921875,0.09450994717578093,0.03353928772530066
101.0,0.0009172949218750001,0.11941030708452066,0.03999237654215881
28.0,0.005912294921875,0.09238860569894314,0.03249382423106268
37.0,0.0040391699218749995,0.09355132517715295,0.03300836948422604
110.0,0.009034169921875,0.09382081019381681,0.0331946338303803
146.0,0.001541669921875,0.11372130624949932,0.034265578550538855
73.0,0.006536669921875,0.09377429125209649,0.03318423792879153
55.0,0.00029291992187500005,0.1409184401233991,0.03858496643384678
128.0,0.005287919921875,0.09578497856855392,0.03431622230483978
92.0,0.002790419921875,0.09721495397388935,0.03412991480659057
19.0,0.007785419921875,0.09109295234084129,0.03158245658159073
15.0,0.003102607421875,0.09262223715583483,0.03253104530814503
87.0,0.008097607421875,0.09381154353419939,0.03317978569223361
123.0,0.000605107421875,0.1426704317331314,0.03884299613579982
51.0,0.005600107421875,0.09342493613560994,0.03293721792616382
69.0,0.0018538574218750002,0.0981951209406058,0.034910249144332155
141.0,0.006848857421875,0.09468540561695894,0.03361015844559148
105.0,0.0043513574218749995,0.09556758912901084,0.03389282959783139
33.0,0.009346357421875,0.09200706966221332,0.03221046404553147
24.0,0.001229482421875,0.09489363109072049,0.03369361192497417
96.0,0.006224482421875,0.09422534679373105,0.03337385903996649
132.0,0.0037269824218750004,0.09831055030226707,0.035357245007445054
60.0,0.008721982421875,0.09206575229763984,0.0319393435989413
42.0,0.004975732421875,0.09340737250943978,0.03289997292418844
114.0,0.009970732421875,0.09209083579480648,0.031815024276176024
78.0,0.002478232421875,0.09786581508815288,0.035460883095322665
5.0,0.007473232421875,0.0899305023252964,0.030920098441347774
5.0,0.002497744140625,0.09094684794545174,0.03168581968760852
78.0,0.007492744140625,0.09371852166950703,0.03315789884844218
114.0,0.004995244140625,0.09399088062345981,0.03275876770803748
41.0,0.009990244140625,0.09230566831926505,0.03236430292536402
60.0,0.0037464941406250003,0.09376752140621344,0.033032153750395775
132.0,0.008741494140625,0.0939925868064165,0.03316393547862216
96.0,0.0012489941406250002,0.11174742244184017,0.03796024261964062
23.0,0.006243994140625,0.09180368756254514,0.03194918793278112
32.0,0.004370869140625,0.0932710005591313,0.0328917604255798
105.0,0.009365869140625,0.09363995629052321,0.03305290316650709
141.0,0.001873369140625,0.11050839486221473,0.03493563712122126
69.0,0.006868369140625,0.09340877545376619,0.03291292000500627
51.0,0.000624619140625,0.11168820324043433,0.03702819469959752
123.0,0.005619619140625,0.09511143863201141,0.03376029737142471
87.0,0.0031221191406250004,0.09635627741614977,0.03442298519100185
14.0,0.008117119140625,0.09069255416591962,0.03151511953854808
19.0,0.002809931640625,0.09283544942736625,0.032444103742877345
91.0,0.007804931640625,0.09388232914110024,0.03322825242292753
128.0,0.00031243164062500005,0.19754015803337097,0.050135188757676
55.0,0.005307431640625,0.09351601004600525,0.032965166008539264
73.0,0.0015611816406250001,0.10127238370478153,0.03631036173576404
146.0,0.0065561816406249996,0.09527388960123062,0.033831897925961175
109.0,0.004058681640625,0.09610069679717223,0.03452817586351558
37.0,0.009053681640625,0.09221970004340013,0.03234873153271309
28.0,0.0009368066406250001,0.09659592757622401,0.03459137586139056
100.0,0.005931806640625,0.09455578004320463,0.033600455935573564
137.0,0.0034343066406250003,0.09918379609783491,0.03479235485602207
64.0,0.008429306640625,0.09332112669944763,0.032893351053002534
46.0,0.004683056640625,0.09291626140475273,0.03244725392246495
118.0,0.009678056640625,0.09347957534094652,0.03299647330119089
82.0,0.002185556640625,0.09817371852695941,0.03470858199314191
10.0,0.007180556640625,0.09032975174486638,0.03132203614678695
12.0,0.004839150390625,0.0913259033113718,0.0319037530440998
85.0,0.009834150390625001,0.09320654049515724,0.03286538172447214
121.0,0.002341650390625,0.10434406300385793,0.03781732594614508
48.0,0.007336650390625,0.09219578728079796,0.03211893655824296
66.0,0.0010929003906250002,0.10512562928100427,0.03618973913649436
139.0,0.006087900390625,0.09538116653760274,0.034037455221550925
103.0,0.0035904003906250003,0.09535910710692405,0.03360807904162725
30.0,0.008585400390625,0.09158032014966011,0.031858440999256034
39.0,0.001717275390625,0.09556978158652782,0.03410819974947422
112.0,0.006712275390625,0.09413285416861375,0.0332846315260927
148.0,0.004214775390625,0.0978245144089063,0.03452294787827134
75.0,0.009209775390625001,0.09341590193410715,0.032943094736205186
57.0,0.0029660253906250004,0.0939386590073506,0.03282353573081333
130.0,0.007961025390625,0.09434372186660767,0.03338061792688602
94.0,0.00046852539062500003,0.1377380351225535,0.041753855389684964
21.0,0.005463525390625,0.0918570092568795,0.03202495348056417
17.0,0.000156337890625,0.11877683736383915,0.03595145004939529
89.0,0.005151337890625,0.09427460009853045,0.03340225062875104
125.0,0.002653837890625,0.10185550215343635,0.0365298215062578
53.0,0.007648837890625,0.09316840581595898,0.03284830929388976
71.0,0.0039025878906250003,0.09455993262430032,0.033477325610004306
143.0,0.008897587890625,0.09330475355188052,0.03285689553765083
107.0,0.0014050878906250001,0.11016936314602693,0.0385027068954738
35.0,0.006400087890625,0.09242709713677565,0.03240640438542245
26.0,0.0032782128906250004,0.09326326871911685,0.032829924523151297
98.0,0.008273212890625,0.09267479876677195,0.03231694959275014
134.0,0.0007807128906250001,0.1267793983221054,0.040627513525976884
62.0,0.005775712890625,0.09317403634389242,0.03284749874992416
44.0,0.002029462890625,0.09520059327284495,0.0338660091163822
116.0,0.007024462890625,0.09432278660436472,0.03338933870599808
80.0,0.004526962890625,0.09384322154025236,0.033167186870253815
7.0,0.009521962890625001,0.0900151465088129,0.03096881907563578
9.0,0.0035123535156250003,0.09127456856270631,0.03175690309694777
81.0,0.008507353515625,0.09361486099660396,0.03305900848168389
117.0,0.0010148535156250002,0.11844691808025042,0.03659514026824161
45.0,0.006009853515625,0.09252253845334053,0.03236210368011091
63.0,0.002263603515625,0.09629084778328736,0.03430874841444355
135.0,0.007258603515625,0.09312979653477668,0.03249232950689083
99.0,0.004761103515625,0.09510712772607803,0.03374042960711654
27.0,0.009756103515625,0.09125566817820072,0.031685365620389906
36.0,0.00039047851562500004,0.11727317236363888,0.03920218681452841
108.0,0.005385478515625,0.09384608194231987,0.03301840304607465
145.0,0.0028879785156250004,0.10085170405606429,0.03439533087320573
72.0,0.007882978515625,0.09228924152751763,0.03211190494674662
54.0,0.004136728515625,0.09340198362867037,0.0328376163613717
126.0,0.009131728515625,0.09327568834026655,0.032818687611061305
90.0,0.0016392285156250001,0.10294743267198404,0.03566700469927268
18.0,0.006634228515625,0.09143736573557058,0.031952101690359634
22.0,0.0013270410156250001,0.09457107360164324,0.03355538302057876
95.0,0.006322041015625,0.09434720935920875,0.03347605990981316
131.0,0.0038245410156250003,0.09807306540509066,0.03598055219546937
58.0,0.008819541015625,0.0927059912433227,0.03263041451146449
77.0,0.002575791015625,0.09644897629817327,0.0342183634567453
149.0,0.007570791015625,0.094867492467165,0.033709338252861036
113.0,7.8291015625e-05,0.5182330379883449,0.1681633338747848
40.0,0.005073291015625,0.09276341324051221,0.032560583172309955
31.0,0.004448916015625,0.09273625984787941,0.03250463837536919
104.0,0.009443916015625,0.0937856338918209,0.03316007726987357
140.0,0.001951416015625,0.10938694241146246,0.03697379206326568
68.0,0.006946416015625,0.09367608316242695,0.03312513325900357
49.0,0.0007026660156250001,0.10706591742734115,0.03791730931269907
122.0,0.005697666015625,0.09525862696270147,0.033945381642256224
86.0,0.0032001660156250004,0.09603378437459469,0.033981861689424804
13.0,0.008195166015625,0.09053925126791,0.031379709904794335
11.0,0.0011709472656250002,0.0934910868604978,0.032940207389577876
83.0,0.006165947265625,0.09305284110208352,0.03256037229340049
120.0,0.0036684472656250003,0.09640381410717964,0.03383237487074449
47.0,0.008663447265625,0.09176287564138572,0.03173526960909928
65.0,0.004917197265625,0.09383053171137969,0.0331782412108465
138.0,0.009912197265625,0.09403519295156001,0.033218393948472265
101.0,0.002419697265625,0.0998704711596171,0.03563863616243306
29.0,0.007414697265625,0.0921993114054203,0.03233787251261699
38.0,0.0030440722656250004,0.09319314137101173,0.03258110685060413
111.0,0.008039072265625,0.09398349722226461,0.033258620238089585
147.0,0.000546572265625,0.15902318209409713,0.043678888371089394
74.0,0.005541572265625,0.09369359177847704,0.03305940669283104
56.0,0.001795322265625,0.09693024307489395,0.03504933344452207
129.0,0.006790322265625,0.09492348867158094,0.03387488498561665
92.0,0.004292822265625,0.09520132591327031,0.03382501038276332
20.0,0.009287822265625,0.09096646358569463,0.03164390768480851
15.0,0.003980634765624999,0.09215632230043411,0.03229363647522491
88.0,0.008975634765625,0.09354393556714058,0.03294919610621245
124.0,0.0014831347656250001,0.11036626771092414,0.0353739099598446
52.0,0.006478134765625,0.09336760540803274,0.03292602823601726
70.0,0.000234384765625,0.16318176165223122,0.04787675471016021
142.0,0.005229384765625,0.09566317424178124,0.03369562136250204
106.0,0.002731884765625,0.0991604957729578,0.03479916904331106
34.0,0.007726884765625,0.09242076141138872,0.03244315298268266
24.0,0.002107509765625,0.09377376573781172,0.033131168011418556
97.0,0.007102509765625,0.09375025729338328,0.033066662937723534
133.0,0.004605009765625,0.09587898204723994,0.03368140864458141
61.0,0.009600009765625,0.09284883340199789,0.03264931671032599
43.0,0.0033562597656250004,0.09395482229689757,0.03325206859071268
115.0,0.008351259765625,0.0941789649426937,0.03335572640970401
79.0,0.0008587597656250001,0.11450121526916822,0.03543465465374333
6.0,0.005853759765625,0.09009027158220609,0.031088940745053018
6.0,0.004175751953125,0.09038496601084868,0.03131392014416784
78.0,0.009170751953125,0.09344745936493079,0.03297699318139649
115.0,0.0016782519531250001,0.10919172416130701,0.039589448059282134
42.0,0.006673251953125,0.09299989305436611,0.03271521568549872
60.0,0.00042950195312500003,0.12810956872999668,0.03978045743706531
133.0,0.005424501953125,0.0954634316265583,0.03400123962744773
96.0,0.002927001953125,0.09738212252656618,0.03427309028600721
24.0,0.007922001953125,0.09149013919134935,0.031883559383653705
33.0,0.0023026269531250003,0.0942529071122408,0.03343488289841942
105.0,0.007297626953125,0.09410907961428165,0.033289997617068516
142.0,0.004800126953125,0.09631150526305039,0.03396788429154687
69.0,0.009795126953125,0.0928331879278024,0.032640526507983776
51.0,0.003551376953125,0.09415474521617094,0.033394533327582236
124.0,0.008546376953125,0.09397549219429494,0.03322879407538234
87.0,0.0010538769531250002,0.11142534849544367,0.03613388134639495
15.0,0.006048876953125,0.09132376971344153,0.031859243165010466
19.0,0.0007416894531250001,0.09593244343996048,0.034132382445748885
92.0,0.005736689453125,0.0944086205214262,0.033502854471727975
128.0,0.003239189453125,0.09926296484967073,0.03454814047991258
56.0,0.008234189453125,0.09312603324651718,0.03279034048937531
74.0,0.004487939453125,0.09422394620875517,0.033416874364616815
146.0,0.009482939453125,0.0943114034831524,0.03337921496587318
110.0,0.0019904394531250003,0.10445152993003527,0.035329709795063044
37.0,0.006985439453125,0.0927230890840292,0.03258511769343285
28.0,0.0026148144531250002,0.09373768791556358,0.033160538546449264
101.0,0.007609814453125,0.09383791734774907,0.033174768569166756
137.0,0.000117314453125,0.4272671893239021,0.14016906264503257
65.0,0.005112314453125,0.09373996096352737,0.03311718748686667
47.0,0.0013660644531250001,0.09759919618566831,0.03515026025408505
119.0,0.006361064453125,0.09425121943155924,0.033212292680969875
83.0,0.003863564453125,0.09446211854616801,0.03332609355642847
10.0,0.008858564453125,0.09011929668486118,0.031146752762315225
13.0,0.001834345703125,0.09327258629103502,0.03284943759942645
85.0,0.006829345703125,0.09379111292461555,0.03319104966795554
121.0,0.004331845703125,0.09650587464372316,0.03429388036988854
49.0,0.009326845703125,0.09210649008552234,0.032132424120167376
67.0,0.003083095703125,0.09516459293663501,0.03382271092081614
139.0,0.008078095703125,0.09442727044224739,0.03353552547224615
103.0,0.000585595703125,0.1280561789870262,0.033426090389677775
31.0,0.005580595703125,0.09246802950898807,0.03243362702472454
40.0,0.004956220703125,0.09277849271893501,0.032515967582249665
112.0,0.009951220703125,0.09321787456671397,0.03290344811699315
149.0,0.0024587207031250002,0.10562700380881627,0.03697938708537801
76.0,0.007453720703125,0.09352286110321681,0.032997764991652474
58.0,0.0012099707031250002,0.10113617653648059,0.03468128411740224
130.0,0.006204970703125,0.09508895662923654,0.03384209386923347
94.0,0.003707470703125,0.09498427485426267,0.033519220582478804
22.0,0.008702470703125,0.0913179088383913,0.031895658504077794
17.0,0.003395283203125,0.09263720487554868,0.03258378474405059
90.0,0.008390283203125,0.09229218661785125,0.03208353339272201
126.0,0.0008977832031250001,0.12568736622730892,0.04331999977107465
53.0,0.005892783203125,0.09354819891353448,0.033051203433963304
71.0,0.0021465332031250003,0.09719639495015145,0.03417001657323222
144.0,0.007141533203125,0.09359852398435274,0.032765186417365456
108.0,0.004644033203125,0.09443759210407734,0.033110869259139405
35.0,0.009639033203125,0.09192084272702535,0.03215902103249738
26.0,0.00027340820312500005,0.11630910684665044,0.03458625939617823
99.0,0.005268408203125,0.09487041682004929,0.0336881589346892
135.0,0.002770908203125,0.10145763655503591,0.03657064110966994
62.0,0.007765908203125,0.09269987381994724,0.03259438321306947
44.0,0.004019658203125,0.09346087078253427,0.0329582557953734
117.0,0.009014658203125,0.09380826614797115,0.03316338423281662
81.0,0.0015221582031250001,0.10278504652281602,0.035643648707579724
8.0,0.006517158203125,0.0902556891242663,0.03129466411538193
7.0,0.000507548828125,0.09423710803190867,0.03337084838771548
79.0,0.005502548828125,0.09398176843921344,0.033262579412897265
116.0,0.003005048828125,0.09927190852661928,0.035105978654323994
43.0,0.008000048828125,0.09249941905339559,0.03250467628692728
61.0,0.004253798828125,0.09411616039772829,0.03330333809125003
134.0,0.009248798828125,0.09324452814956506,0.03281856891659834
98.0,0.001756298828125,0.10382652717332046,0.03641303291924721
25.0,0.006751298828125,0.09207760232190292,0.03227943501046376
34.0,0.003629423828125,0.093642749513189,0.03303399251936402
107.0,0.008624423828125,0.09333424009382725,0.03286504544484706
143.0,0.0011319238281250002,0.12063484142223994,0.03966048672270945
70.0,0.006126923828125,0.09309196062386035,0.03275021198843385
52.0,0.0023806738281250002,0.09520301396648088,0.03381971740635848
125.0,0.007375673828125,0.09414414949715137,0.033312748987444324
88.0,0.0048781738281249995,0.09470173691709836,0.03352329699781913
16.0,0.009873173828125,0.09051484043399492,0.03140712873098977
21.0,0.004565986328125,0.09219880315164725,0.032198409966568184
93.0,0.009560986328125,0.09304875681797663,0.032729174099913126
129.0,0.0020684863281250003,0.1054016787558794,0.03584285765466478
57.0,0.007063486328125,0.09207735372086366,0.03186435058568283
75.0,0.0008197363281250001,0.11741953069965044,0.03986871323406682
147.0,0.005814736328125,0.09597893059253693,0.03417882481123988
111.0,0.003317236328125,0.0974326075365146,0.03441394321456681
39.0,0.008312236328125,0.09249676528076331,0.03244784622200936
30.0,0.0014441113281250001,0.0950085137039423,0.033798779117141915
102.0,0.006439111328125,0.09382706085840861,0.033171136879958166
138.0,0.003941611328125,0.0978667094061772,0.03443505216632277
66.0,0.008936611328125,0.09328327476978301,0.03289069216898044
48.0,0.002692861328125,0.0941572201748689,0.0331988315957688
120.0,0.007687861328125,0.09287958977123102,0.032335140550787095
84.0,0.000195361328125,0.1957371562719345,0.05638915468332158
11.0,0.0051903613281249995,0.0908739373087883,0.03154559812419764
9.0,0.002848955078125,0.09158212679127851,0.03185789907339135
82.0,0.007843955078125001,0.09345427763958772,0.0329535521952437
118.0,0.00035145507812500004,0.18030949036280314,0.05708981708286233
45.0,0.005346455078125,0.09272630934913953,0.03249719357992563
64.0,0.0016002050781250001,0.09908557112018267,0.034242002911249673
136.0,0.006595205078125,0.09516119733452796,0.03393407412400754
100.0,0.004097705078125,0.09568381843467554,0.034231023262859234
27.0,0.009092705078125,0.09132419005036355,0.031801903228630295
36.0,0.0009758300781250001,0.0982916433364153,0.03531517086952948
109.0,0.005970830078125,0.09476846791803836,0.03369163006489587
145.0,0.003473330078125,0.09961740175882976,0.0359091118360458
73.0,0.008468330078125001,0.0934264175593853,0.03295636422294694
54.0,0.0047220800781249996,0.09304451768596968,0.03260585680333514
127.0,0.009717080078125,0.0923472282787164,0.03208608923866536
91.0,0.0022245800781250003,0.09950270603100458,0.034973450685761444
18.0,0.007219580078125,0.09127647007505099,0.03184612836346671
14.0,0.001912392578125,0.09305556031564871,0.032717808470331636
86.0,0.006907392578125,0.09336209346850713,0.03290010404435373
122.0,0.004409892578125,0.09650393687188626,0.03457193903124787
50.0,0.009404892578125,0.09234108701348305,0.03239692722275806
68.0,0.003161142578125,0.09531202254196008,0.03394004930190551
141.0,0.008156142578125001,0.09416516882677874,0.03329741742016052
104.0,0.0006636425781250001,0.13355767180522282,0.04028178186735906
32.0,0.005658642578125,0.09287181285520395,0.03269271204916673
23.0,0.003785517578125,0.0927144393324852,0.032512564197314894
95.0,0.008780517578125,0.09378235141436259,0.0331367523513575
132.0,0.0012880175781250002,0.11472808656593164,0.03680457024821004
59.0,0.006283017578125,0.0935764359931151,0.033034775620199866
41.0,3.9267578125e-05,0.4165948818127314,0.14286287921937954
113.0,0.0050342675781249995,0.09474129478136699,0.03357821168838944
77.0,0.0025367675781250002,0.09632037853201231,0.03370977235506913
77.0,0.005005,0.09513350023791708,0.032513493714266276
